# Two firmware slots, so that a new firmware can be written while the old one
# runs (main/ota.c). nvs and phy_init are where the single-slot layout of
# ESP-IDF has them, so the settings of a board flashed before stay.
# The flash from 0x420000 up (3.9 MB) is not assigned.
#
# Name,   Type, SubType, Offset,   Size
nvs,      data, nvs,     0x9000,   0x6000
phy_init, data, phy,     0xf000,   0x1000
otadata,  data, ota,     0x10000,  0x2000
ota_0,    app,  ota_0,   0x20000,  0x200000
ota_1,    app,  ota_1,   0x220000, 0x200000
